DATASET,MODEL,SRCC,KRCC,PLCC,RMSE,SELECT_CRITERIC
cvd_2014,diva-vqa_large,0.9106151711378353,0.7724329324699354,0.9172253,8.393226490184055,byrmse
cvd_2014,diva-vqa_large,0.8955827937095282,0.7465309898242369,0.903813,9.423281436539321,bykrcc
