DATASET,MODEL,SRCC,KRCC,PLCC,RMSE,SELECT_CRITERIC
cvd_2014,diva-vqa,0.8403374566747341,0.6494378314036032,0.8484048,11.350764016135654,byrmse
cvd_2014,diva-vqa,0.8403374566747341,0.6494378314036032,0.8484048,11.350764016135654,bykrcc
