DATASET,MODEL,SRCC,KRCC,PLCC,RMSE,SELECT_CRITERIC
cvd_2014,diva-vqa_large,0.8495435025354439,0.6607362301876243,0.85430014,11.145606683345854,byrmse
cvd_2014,diva-vqa_large,0.8495435025354439,0.6607362301876243,0.85430014,11.145606683345854,bykrcc
