DATASET,MODEL,SRCC,KRCC,PLCC,RMSE,SELECT_CRITERIC
cvd_2014,diva-vqa,0.8999450727937433,0.7496530187184173,0.9217901,8.289659368973691,byrmse
cvd_2014,diva-vqa,0.9125809435707678,0.7483811285846439,0.9141938,8.260436883414993,bykrcc
