DATASET,MODEL,SRCC,KRCC,PLCC,RMSE,SELECT_CRITERIC
konvid_1k,diva-vqa,0.8919157855630804,0.718299829874435,0.90020955,0.28966636988047006,byrmse
konvid_1k,diva-vqa,0.8855883766251744,0.7116309314967664,0.89834595,0.28493359116192796,bykrcc
