DATASET,MODEL,SRCC,KRCC,PLCC,RMSE,SELECT_CRITERIC
konvid_1k,diva-vqa_large,0.9047435938910391,0.7305141068186854,0.9065957,0.27560247564944446,byrmse
konvid_1k,diva-vqa_large,0.9019580890286826,0.7275295496643286,0.89420795,0.2821934426485646,bykrcc
