DATASET,MODEL,SRCC,KRCC,PLCC,RMSE,SELECT_CRITERIC
konvid_1k,diva-vqa,0.8491635568326027,0.6606860726072261,0.8573319,0.32988059323763086,byrmse
konvid_1k,diva-vqa,0.8491635568326027,0.6606860726072261,0.8573319,0.32988059323763086,bykrcc
