DATASET,MODEL,SRCC,KRCC,PLCC,RMSE,SELECT_CRITERIC
konvid_1k,diva-vqa_large,0.8621756233623467,0.6754753128368842,0.8663318,0.32007899728609146,byrmse
konvid_1k,diva-vqa_large,0.8621756233623467,0.6754753128368842,0.8663318,0.32007899728609146,bykrcc
