DATASET,MODEL,SRCC,KRCC,PLCC,RMSE,SELECT_CRITERIC
live_vqc,diva-vqa_large,0.823906201844499,0.6315145519127624,0.8489562,9.014338621399244,byrmse
live_vqc,diva-vqa_large,0.823906201844499,0.6315145519127624,0.8489562,9.014338621399244,bykrcc
