DATASET,MODEL,SRCC,KRCC,PLCC,RMSE,SELECT_CRITERIC
live_vqc,diva-vqa,0.8069747211149563,0.6142331525408368,0.8360934,9.357605118809529,byrmse
live_vqc,diva-vqa,0.8069747211149563,0.6142331525408368,0.8360934,9.357605118809529,bykrcc
