DATASET,MODEL,SRCC,KRCC,PLCC,RMSE,SELECT_CRITERIC
live_vqc,diva-vqa_large,0.8948133495182004,0.7282640730916592,0.92380893,7.534712505969118,byrmse
live_vqc,diva-vqa_large,0.8730141187020194,0.6922113348687148,0.9044045,7.177323011171327,bykrcc
