DATASET,MODEL,SRCC,KRCC,PLCC,RMSE,SELECT_CRITERIC
live_vqc,diva-vqa,0.8950681113159196,0.7285587975243146,0.9237099,7.539411625659711,byrmse
live_vqc,diva-vqa,0.8731735827001752,0.6952549366342469,0.89288986,7.487884654257101,bykrcc
