DATASET,MODEL,SRCC,KRCC,PLCC,RMSE,SELECT_CRITERIC
youtube_ugc_h264,diva-vqa_large,0.8809997212991345,0.6976117732297212,0.87735695,0.3168295630584031,byrmse
youtube_ugc_h264,diva-vqa_large,0.8662819423069413,0.6789963294451675,0.8717072,0.3099049705739762,bykrcc
