DATASET,MODEL,SRCC,KRCC,PLCC,RMSE,SELECT_CRITERIC
youtube_ugc_h264,diva-vqa,0.7337560526340632,0.5386580269550546,0.7506089,0.4266078519641339,byrmse
youtube_ugc_h264,diva-vqa,0.7337560526340632,0.5386580269550546,0.7506089,0.4266078519641339,bykrcc
