DATASET,MODEL,SRCC,KRCC,PLCC,RMSE,SELECT_CRITERIC
youtube_ugc_h264,diva-vqa,0.8577093217489448,0.6681844799427861,0.8731263,0.31684661173767376,byrmse
youtube_ugc_h264,diva-vqa,0.8577093217489448,0.6681844799427861,0.8731263,0.31684661173767376,bykrcc
