DATASET,MODEL,SRCC,KRCC,PLCC,RMSE,SELECT_CRITERIC
youtube_ugc,diva-vqa_large,0.7484277441160053,0.5510998785970345,0.76371896,0.42038054145951437,byrmse
youtube_ugc,diva-vqa_large,0.7484277441160053,0.5510998785970345,0.76371896,0.42038054145951437,bykrcc
