DATASET,MODEL,SRCC,KRCC,PLCC,RMSE,SELECT_CRITERIC
youtube_ugc,diva-vqa,0.8667563309094963,0.682247437324692,0.87313735,0.3320650420103273,byrmse
youtube_ugc,diva-vqa,0.8649678837790195,0.6765686215987465,0.8611582,0.3324281676220179,bykrcc
