DATASET,MODEL,SRCC,KRCC,PLCC,RMSE,SELECT_CRITERIC
youtube_ugc_h264,diva-vqa_large,0.7501854682896316,0.5525424852728579,0.7653281,0.4155632568331829,byrmse
youtube_ugc_h264,diva-vqa_large,0.7501854682896316,0.5525424852728579,0.7653281,0.4155632568331829,bykrcc
