DATASET,MODEL,SRCC,KRCC,PLCC,RMSE,SELECT_CRITERIC
youtube_ugc,diva-vqa,0.7366993930667473,0.5421828202832959,0.7541355,0.4276544156521254,byrmse
youtube_ugc,diva-vqa,0.7366993930667473,0.5421828202832959,0.7541355,0.4276544156521254,bykrcc
