DATASET,MODEL,SRCC,KRCC,PLCC,RMSE,SELECT_CRITERIC
youtube_ugc,diva-vqa_large,0.8650801724386991,0.6801892758617415,0.87127703,0.3209543078514823,byrmse
youtube_ugc,diva-vqa_large,0.8650801724386991,0.6801892758617415,0.87127703,0.3209543078514823,bykrcc
